"cellsID","area_km2","feature_names"
301229,2619.72684644795,"Glacial_troughs_seafloor"
301282,2619.72684644785,"Glacial_troughs_seafloor"
301336,2619.72684644798,"Glacial_troughs_seafloor"
301443,2619.72684644794,"Glacial_troughs_seafloor"
301495,2619.72684644797,"Glacial_troughs_seafloor"
301548,2619.7268464479,"Glacial_troughs_seafloor"
301601,2619.72684644794,"Glacial_troughs_seafloor"
301654,2619.72684644795,"Glacial_troughs_seafloor"
301708,2619.72684644797,"Glacial_troughs_seafloor"
301817,2619.72684644796,"Glacial_troughs_seafloor"
301874,2619.7268464479,"Glacial_troughs_seafloor"
301933,2619.72684644796,"Glacial_troughs_seafloor"
301991,2619.7268464479,"Glacial_troughs_seafloor"
302048,2619.72684644796,"Glacial_troughs_seafloor"
302106,2619.7268464479,"Glacial_troughs_seafloor"
302215,2619.72684644784,"Glacial_troughs_seafloor"
302266,2619.72684644793,"Glacial_troughs_seafloor"
302267,2619.72684644793,"Glacial_troughs_seafloor"
302318,2619.72684644795,"Glacial_troughs_seafloor"
302366,2619.72684644786,"Glacial_troughs_seafloor"
302367,2619.72684644798,"Glacial_troughs_seafloor"
302466,2619.72684644798,"Glacial_troughs_seafloor"
302467,2619.72684644798,"Glacial_troughs_seafloor"
302518,2619.72684644789,"Glacial_troughs_seafloor"
302568,2619.72684644792,"Glacial_troughs_seafloor"
302569,2619.72684644795,"Glacial_troughs_seafloor"
302620,2619.72684644789,"Glacial_troughs_seafloor"
302672,2619.72684644792,"Glacial_troughs_seafloor"
302724,2619.72684644795,"Glacial_troughs_seafloor"
302778,2619.72684644801,"Glacial_troughs_seafloor"
302830,2619.72684644788,"Glacial_troughs_seafloor"
302882,2619.72684644791,"Glacial_troughs_seafloor"
302883,2619.72684644794,"Glacial_troughs_seafloor"
302936,2619.72684644794,"Glacial_troughs_seafloor"
302987,2619.72684644785,"Glacial_troughs_seafloor"
302988,2619.72684644794,"Glacial_troughs_seafloor"
303040,2619.72684644794,"Glacial_troughs_seafloor"
303091,2619.72684644798,"Glacial_troughs_seafloor"
303092,2619.72684644794,"Glacial_troughs_seafloor"
303143,2619.72684644788,"Glacial_troughs_seafloor"
303194,2619.72684644798,"Glacial_troughs_seafloor"
303195,2619.72684644798,"Glacial_troughs_seafloor"
303245,2619.72684644789,"Glacial_troughs_seafloor"
303246,2619.72684644794,"Glacial_troughs_seafloor"
303297,2619.72684644791,"Glacial_troughs_seafloor"
303298,2619.72684644788,"Glacial_troughs_seafloor"
303348,2619.72684644791,"Glacial_troughs_seafloor"
303349,2619.72684644794,"Glacial_troughs_seafloor"
303402,2619.72684644791,"Glacial_troughs_seafloor"
303454,2619.72684644796,"Glacial_troughs_seafloor"
303455,2619.72684644788,"Glacial_troughs_seafloor"
303509,2619.72684644791,"Glacial_troughs_seafloor"
303563,2619.72684644786,"Glacial_troughs_seafloor"
303564,2619.72684644794,"Glacial_troughs_seafloor"
303616,2619.72684644794,"Glacial_troughs_seafloor"
303617,2619.72684644785,"Glacial_troughs_seafloor"
303619,2619.72684644788,"Glacial_troughs_seafloor"
303670,2619.72684644791,"Glacial_troughs_seafloor"
303671,2619.72684644794,"Glacial_troughs_seafloor"
303673,2619.72684644798,"Glacial_troughs_seafloor"
303720,2619.72684644794,"Glacial_troughs_seafloor"
303721,2619.72684644797,"Glacial_troughs_seafloor"
303722,2619.72684644794,"Glacial_troughs_seafloor"
303723,2619.72684644791,"Glacial_troughs_seafloor"
303770,2619.72684644793,"Glacial_troughs_seafloor"
303771,2619.72684644788,"Glacial_troughs_seafloor"
303772,2619.72684644791,"Glacial_troughs_seafloor"
303773,2619.72684644791,"Glacial_troughs_seafloor"
303817,2619.72684644787,"Glacial_troughs_seafloor"
303818,2619.72684644796,"Glacial_troughs_seafloor"
303819,2619.72684644793,"Glacial_troughs_seafloor"
303820,2619.72684644784,"Glacial_troughs_seafloor"
303866,2619.72684644794,"Glacial_troughs_seafloor"
303867,2619.72684644793,"Glacial_troughs_seafloor"
303868,2619.72684644797,"Glacial_troughs_seafloor"
303869,2619.72684644797,"Glacial_troughs_seafloor"
303913,2619.72684644793,"Glacial_troughs_seafloor"
303914,2619.7268464479,"Glacial_troughs_seafloor"
303915,2619.72684644793,"Glacial_troughs_seafloor"
303916,2619.7268464479,"Glacial_troughs_seafloor"
303960,2619.72684644791,"Glacial_troughs_seafloor"
303961,2619.72684644793,"Glacial_troughs_seafloor"
303962,2619.72684644794,"Glacial_troughs_seafloor"
303963,2619.72684644794,"Glacial_troughs_seafloor"
304005,2619.7268464479,"Glacial_troughs_seafloor"
304006,2619.7268464479,"Glacial_troughs_seafloor"
304007,2619.72684644793,"Glacial_troughs_seafloor"
304008,2619.72684644787,"Glacial_troughs_seafloor"
304009,2619.7268464479,"Glacial_troughs_seafloor"
304050,2619.72684644795,"Glacial_troughs_seafloor"
304051,2619.72684644787,"Glacial_troughs_seafloor"
304052,2619.7268464479,"Glacial_troughs_seafloor"
304053,2619.7268464479,"Glacial_troughs_seafloor"
304054,2619.72684644787,"Glacial_troughs_seafloor"
304095,2619.7268464479,"Glacial_troughs_seafloor"
304096,2619.7268464479,"Glacial_troughs_seafloor"
304098,2619.7268464479,"Glacial_troughs_seafloor"
304099,2619.7268464479,"Glacial_troughs_seafloor"
304141,2619.72684644791,"Glacial_troughs_seafloor"
304142,2619.72684644793,"Glacial_troughs_seafloor"
304144,2619.72684644792,"Glacial_troughs_seafloor"
304145,2619.72684644793,"Glacial_troughs_seafloor"
304186,2619.72684644787,"Glacial_troughs_seafloor"
304187,2619.72684644784,"Glacial_troughs_seafloor"
304189,2619.7268464479,"Glacial_troughs_seafloor"
304190,2619.72684644784,"Glacial_troughs_seafloor"
304231,2619.72684644797,"Glacial_troughs_seafloor"
304232,2619.72684644792,"Glacial_troughs_seafloor"
304234,2619.72684644798,"Glacial_troughs_seafloor"
304235,2619.72684644792,"Glacial_troughs_seafloor"
304276,2619.72684644792,"Glacial_troughs_seafloor"
304279,2619.72684644786,"Glacial_troughs_seafloor"
304280,2619.72684644795,"Glacial_troughs_seafloor"
304324,2619.72684644794,"Glacial_troughs_seafloor"
304325,2619.72684644792,"Glacial_troughs_seafloor"
304370,2619.72684644788,"Glacial_troughs_seafloor"
304371,2619.72684644795,"Glacial_troughs_seafloor"
304372,2619.72684644795,"Glacial_troughs_seafloor"
304414,2619.7268464479,"Glacial_troughs_seafloor"
304415,2619.72684644786,"Glacial_troughs_seafloor"
304461,2619.72684644794,"Glacial_troughs_seafloor"
304462,2619.72684644794,"Glacial_troughs_seafloor"
304506,2619.72684644794,"Glacial_troughs_seafloor"
304507,2619.72684644792,"Glacial_troughs_seafloor"
304553,2619.72684644789,"Glacial_troughs_seafloor"
304554,2619.72684644789,"Glacial_troughs_seafloor"
304603,2619.72684644798,"Glacial_troughs_seafloor"
304604,2619.72684644797,"Glacial_troughs_seafloor"
304605,2619.72684644798,"Glacial_troughs_seafloor"
304654,2619.72684644792,"Glacial_troughs_seafloor"
304655,2619.72684644795,"Glacial_troughs_seafloor"
304656,2619.72684644798,"Glacial_troughs_seafloor"
304708,2619.72684644793,"Glacial_troughs_seafloor"
304709,2619.72684644791,"Glacial_troughs_seafloor"
304710,2619.72684644793,"Glacial_troughs_seafloor"
304765,2619.72684644793,"Glacial_troughs_seafloor"
304766,2619.72684644796,"Glacial_troughs_seafloor"
304825,2619.72684644797,"Glacial_troughs_seafloor"
304826,2619.72684644791,"Glacial_troughs_seafloor"
304827,2619.72684644797,"Glacial_troughs_seafloor"
304887,2619.7268464479,"Glacial_troughs_seafloor"
304888,2619.72684644799,"Glacial_troughs_seafloor"
304889,2619.72684644788,"Glacial_troughs_seafloor"
304951,2619.7268464479,"Glacial_troughs_seafloor"
304952,2619.72684644794,"Glacial_troughs_seafloor"
305013,2619.72684644788,"Glacial_troughs_seafloor"
305014,2619.72684644791,"Glacial_troughs_seafloor"
305015,2619.7268464479,"Glacial_troughs_seafloor"
305076,2619.72684644793,"Glacial_troughs_seafloor"
305077,2619.72684644795,"Glacial_troughs_seafloor"
305140,2619.72684644793,"Glacial_troughs_seafloor"
305141,2619.72684644793,"Glacial_troughs_seafloor"
305142,2619.72684644787,"Glacial_troughs_seafloor"
305203,2619.72684644791,"Glacial_troughs_seafloor"
305204,2619.72684644793,"Glacial_troughs_seafloor"
305267,2619.7268464479,"Glacial_troughs_seafloor"
305268,2619.72684644796,"Glacial_troughs_seafloor"
305269,2619.72684644787,"Glacial_troughs_seafloor"
305332,2619.72684644795,"Glacial_troughs_seafloor"
305333,2619.72684644791,"Glacial_troughs_seafloor"
305395,2619.72684644794,"Glacial_troughs_seafloor"
305396,2619.72684644794,"Glacial_troughs_seafloor"
305397,2619.72684644788,"Glacial_troughs_seafloor"
305458,2619.72684644792,"Glacial_troughs_seafloor"
305459,2619.72684644792,"Glacial_troughs_seafloor"
305460,2619.72684644792,"Glacial_troughs_seafloor"
305523,2619.72684644792,"Glacial_troughs_seafloor"
305524,2619.72684644792,"Glacial_troughs_seafloor"
305525,2619.72684644791,"Glacial_troughs_seafloor"
305586,2619.72684644796,"Glacial_troughs_seafloor"
305587,2619.72684644791,"Glacial_troughs_seafloor"
305588,2619.72684644796,"Glacial_troughs_seafloor"
305651,2619.72684644789,"Glacial_troughs_seafloor"
305652,2619.72684644795,"Glacial_troughs_seafloor"
305653,2619.72684644791,"Glacial_troughs_seafloor"
305713,2619.726846448,"Glacial_troughs_seafloor"
305714,2619.72684644789,"Glacial_troughs_seafloor"
305715,2619.726846448,"Glacial_troughs_seafloor"
305777,2619.72684644794,"Glacial_troughs_seafloor"
305778,2619.72684644797,"Glacial_troughs_seafloor"
305779,2619.72684644786,"Glacial_troughs_seafloor"
305839,2619.72684644794,"Glacial_troughs_seafloor"
305840,2619.72684644792,"Glacial_troughs_seafloor"
305841,2619.72684644794,"Glacial_troughs_seafloor"
305903,2619.72684644791,"Glacial_troughs_seafloor"
305904,2619.72684644794,"Glacial_troughs_seafloor"
305905,2619.72684644794,"Glacial_troughs_seafloor"
305966,2619.72684644792,"Glacial_troughs_seafloor"
305967,2619.7268464479,"Glacial_troughs_seafloor"
305968,2619.72684644792,"Glacial_troughs_seafloor"
306031,2619.72684644794,"Glacial_troughs_seafloor"
306032,2619.72684644794,"Glacial_troughs_seafloor"
306033,2619.72684644788,"Glacial_troughs_seafloor"
306093,2619.72684644796,"Glacial_troughs_seafloor"
306094,2619.72684644796,"Glacial_troughs_seafloor"
306095,2619.72684644796,"Glacial_troughs_seafloor"
306158,2619.72684644793,"Glacial_troughs_seafloor"
306159,2619.72684644796,"Glacial_troughs_seafloor"
306160,2619.7268464479,"Glacial_troughs_seafloor"
306223,2619.72684644791,"Glacial_troughs_seafloor"
306224,2619.72684644791,"Glacial_troughs_seafloor"
306225,2619.72684644791,"Glacial_troughs_seafloor"
306287,2619.72684644793,"Glacial_troughs_seafloor"
306288,2619.72684644793,"Glacial_troughs_seafloor"
306289,2619.7268464479,"Glacial_troughs_seafloor"
306356,2619.72684644797,"Glacial_troughs_seafloor"
306357,2619.7268464479,"Glacial_troughs_seafloor"
306358,2619.72684644797,"Glacial_troughs_seafloor"
306359,2619.72684644797,"Glacial_troughs_seafloor"
306426,2619.72684644788,"Glacial_troughs_seafloor"
306427,2619.72684644791,"Glacial_troughs_seafloor"
306428,2619.72684644787,"Glacial_troughs_seafloor"
306497,2619.72684644794,"Glacial_troughs_seafloor"
306498,2619.72684644793,"Glacial_troughs_seafloor"
306499,2619.72684644794,"Glacial_troughs_seafloor"
306500,2619.72684644794,"Glacial_troughs_seafloor"
306571,2619.72684644788,"Glacial_troughs_seafloor"
306572,2619.72684644792,"Glacial_troughs_seafloor"
306573,2619.72684644795,"Glacial_troughs_seafloor"
306574,2619.72684644788,"Glacial_troughs_seafloor"
306646,2619.72684644795,"Glacial_troughs_seafloor"
306647,2619.72684644791,"Glacial_troughs_seafloor"
306648,2619.72684644795,"Glacial_troughs_seafloor"
306649,2619.72684644795,"Glacial_troughs_seafloor"
306723,2619.72684644791,"Glacial_troughs_seafloor"
306724,2619.72684644795,"Glacial_troughs_seafloor"
306726,2619.72684644791,"Glacial_troughs_seafloor"
306801,2619.72684644793,"Glacial_troughs_seafloor"
306802,2619.72684644789,"Glacial_troughs_seafloor"
306803,2619.72684644793,"Glacial_troughs_seafloor"
306804,2619.72684644793,"Glacial_troughs_seafloor"
306880,2619.72684644791,"Glacial_troughs_seafloor"
306881,2619.72684644788,"Glacial_troughs_seafloor"
306883,2619.72684644791,"Glacial_troughs_seafloor"
306959,2619.72684644794,"Glacial_troughs_seafloor"
306960,2619.72684644792,"Glacial_troughs_seafloor"
306961,2619.72684644794,"Glacial_troughs_seafloor"
306962,2619.72684644794,"Glacial_troughs_seafloor"
307038,2619.72684644788,"Glacial_troughs_seafloor"
307039,2619.72684644792,"Glacial_troughs_seafloor"
307041,2619.72684644788,"Glacial_troughs_seafloor"
307120,2619.72684644791,"Glacial_troughs_seafloor"
307122,2619.72684644791,"Glacial_troughs_seafloor"
307123,2619.72684644791,"Glacial_troughs_seafloor"
307203,2619.72684644789,"Glacial_troughs_seafloor"
307204,2619.72684644795,"Glacial_troughs_seafloor"
307206,2619.72684644789,"Glacial_troughs_seafloor"
307287,2619.72684644796,"Glacial_troughs_seafloor"
307289,2619.72684644796,"Glacial_troughs_seafloor"
307290,2619.72684644796,"Glacial_troughs_seafloor"
307371,2619.72684644788,"Glacial_troughs_seafloor"
307372,2619.72684644793,"Glacial_troughs_seafloor"
307373,2619.72684644788,"Glacial_troughs_seafloor"
307457,2619.72684644797,"Glacial_troughs_seafloor"
307459,2619.72684644797,"Glacial_troughs_seafloor"
307460,2619.72684644797,"Glacial_troughs_seafloor"
307544,2619.72684644791,"Glacial_troughs_seafloor"
307545,2619.72684644794,"Glacial_troughs_seafloor"
307546,2619.72684644791,"Glacial_troughs_seafloor"
307631,2619.72684644794,"Glacial_troughs_seafloor"
307632,2619.72684644794,"Glacial_troughs_seafloor"
307634,2619.72684644794,"Glacial_troughs_seafloor"
307635,2619.72684644794,"Glacial_troughs_seafloor"
307720,2619.7268464479,"Glacial_troughs_seafloor"
307722,2619.72684644794,"Glacial_troughs_seafloor"
307723,2619.7268464479,"Glacial_troughs_seafloor"
307810,2619.72684644795,"Glacial_troughs_seafloor"
307813,2619.72684644795,"Glacial_troughs_seafloor"
307814,2619.72684644795,"Glacial_troughs_seafloor"
307901,2619.72684644787,"Glacial_troughs_seafloor"
307903,2619.72684644793,"Glacial_troughs_seafloor"
307904,2619.72684644787,"Glacial_troughs_seafloor"
307905,2619.72684644793,"Glacial_troughs_seafloor"
307996,2619.72684644796,"Glacial_troughs_seafloor"
308085,2619.72684644793,"Glacial_troughs_seafloor"
308087,2619.72684644796,"Glacial_troughs_seafloor"
308088,2619.72684644793,"Glacial_troughs_seafloor"
308089,2619.72684644796,"Glacial_troughs_seafloor"
308180,2619.72684644793,"Glacial_troughs_seafloor"
308181,2619.72684644793,"Glacial_troughs_seafloor"
308274,2619.72684644788,"Glacial_troughs_seafloor"
308275,2619.72684644797,"Glacial_troughs_seafloor"
308370,2619.72684644796,"Glacial_troughs_seafloor"
308371,2619.72684644796,"Glacial_troughs_seafloor"
308372,2619.72684644789,"Glacial_troughs_seafloor"
308466,2619.72684644789,"Glacial_troughs_seafloor"
308467,2619.72684644794,"Glacial_troughs_seafloor"
308567,2619.72684644793,"Glacial_troughs_seafloor"
308568,2619.72684644793,"Glacial_troughs_seafloor"
308668,2619.72684644795,"Glacial_troughs_seafloor"
308669,2619.72684644789,"Glacial_troughs_seafloor"
308670,2619.72684644795,"Glacial_troughs_seafloor"
308772,2619.72684644795,"Glacial_troughs_seafloor"
308773,2619.72684644795,"Glacial_troughs_seafloor"
308774,2619.7268464479,"Glacial_troughs_seafloor"
308875,2619.72684644792,"Glacial_troughs_seafloor"
308876,2619.72684644789,"Glacial_troughs_seafloor"
308877,2619.72684644792,"Glacial_troughs_seafloor"
308878,2619.72684644792,"Glacial_troughs_seafloor"
308980,2619.72684644793,"Glacial_troughs_seafloor"
308981,2619.72684644793,"Glacial_troughs_seafloor"
308982,2619.72684644793,"Glacial_troughs_seafloor"
308983,2619.72684644788,"Glacial_troughs_seafloor"
308984,2619.72684644793,"Glacial_troughs_seafloor"
309086,2619.72684644792,"Glacial_troughs_seafloor"
309087,2619.7268464479,"Glacial_troughs_seafloor"
309088,2619.72684644792,"Glacial_troughs_seafloor"
309089,2619.72684644792,"Glacial_troughs_seafloor"
309090,2619.7268464479,"Glacial_troughs_seafloor"
309091,2619.72684644792,"Glacial_troughs_seafloor"
309191,2619.7268464479,"Glacial_troughs_seafloor"
309192,2619.72684644795,"Glacial_troughs_seafloor"
309193,2619.72684644795,"Glacial_troughs_seafloor"
309194,2619.72684644789,"Glacial_troughs_seafloor"
309195,2619.72684644795,"Glacial_troughs_seafloor"
309196,2619.7268464479,"Glacial_troughs_seafloor"
309197,2619.72684644795,"Glacial_troughs_seafloor"
309299,2619.72684644793,"Glacial_troughs_seafloor"
309300,2619.7268464479,"Glacial_troughs_seafloor"
309301,2619.72684644793,"Glacial_troughs_seafloor"
309302,2619.72684644793,"Glacial_troughs_seafloor"
309303,2619.72684644793,"Glacial_troughs_seafloor"
309304,2619.72684644793,"Glacial_troughs_seafloor"
309406,2619.7268464479,"Glacial_troughs_seafloor"
309407,2619.72684644794,"Glacial_troughs_seafloor"
309408,2619.72684644794,"Glacial_troughs_seafloor"
309409,2619.7268464479,"Glacial_troughs_seafloor"
309410,2619.72684644794,"Glacial_troughs_seafloor"
309412,2619.72684644794,"Glacial_troughs_seafloor"
309414,2619.7268464479,"Glacial_troughs_seafloor"
309515,2619.72684644793,"Glacial_troughs_seafloor"
309516,2619.72684644787,"Glacial_troughs_seafloor"
309517,2619.72684644793,"Glacial_troughs_seafloor"
309518,2619.72684644793,"Glacial_troughs_seafloor"
309519,2619.7268464479,"Glacial_troughs_seafloor"
309520,2619.72684644793,"Glacial_troughs_seafloor"
309522,2619.72684644793,"Glacial_troughs_seafloor"
309523,2619.72684644793,"Glacial_troughs_seafloor"
309625,2619.72684644796,"Glacial_troughs_seafloor"
309626,2619.72684644796,"Glacial_troughs_seafloor"
309627,2619.72684644796,"Glacial_troughs_seafloor"
309628,2619.72684644788,"Glacial_troughs_seafloor"
309629,2619.72684644796,"Glacial_troughs_seafloor"
309630,2619.72684644796,"Glacial_troughs_seafloor"
309631,2619.72684644796,"Glacial_troughs_seafloor"
309633,2619.72684644788,"Glacial_troughs_seafloor"
309740,2619.72684644793,"Glacial_troughs_seafloor"
309741,2619.72684644788,"Glacial_troughs_seafloor"
309742,2619.72684644793,"Glacial_troughs_seafloor"
309743,2619.72684644793,"Glacial_troughs_seafloor"
309744,2619.7268464479,"Glacial_troughs_seafloor"
309745,2619.72684644793,"Glacial_troughs_seafloor"
309747,2619.72684644793,"Glacial_troughs_seafloor"
309749,2619.72684644796,"Glacial_troughs_seafloor"
309853,2619.72684644793,"Glacial_troughs_seafloor"
309854,2619.72684644792,"Glacial_troughs_seafloor"
309855,2619.72684644792,"Glacial_troughs_seafloor"
309856,2619.72684644789,"Glacial_troughs_seafloor"
309857,2619.72684644792,"Glacial_troughs_seafloor"
309858,2619.72684644793,"Glacial_troughs_seafloor"
309859,2619.72684644792,"Glacial_troughs_seafloor"
309860,2619.72684644792,"Glacial_troughs_seafloor"
309861,2619.72684644789,"Glacial_troughs_seafloor"
309862,2619.72684644789,"Glacial_troughs_seafloor"
309969,2619.72684644793,"Glacial_troughs_seafloor"
309970,2619.72684644794,"Glacial_troughs_seafloor"
309971,2619.72684644791,"Glacial_troughs_seafloor"
309972,2619.72684644794,"Glacial_troughs_seafloor"
309973,2619.72684644794,"Glacial_troughs_seafloor"
309974,2619.72684644793,"Glacial_troughs_seafloor"
309975,2619.72684644794,"Glacial_troughs_seafloor"
309977,2619.72684644794,"Glacial_troughs_seafloor"
309979,2619.72684644796,"Glacial_troughs_seafloor"
310084,2619.72684644793,"Glacial_troughs_seafloor"
310085,2619.72684644796,"Glacial_troughs_seafloor"
310086,2619.72684644796,"Glacial_troughs_seafloor"
310087,2619.72684644791,"Glacial_troughs_seafloor"
310088,2619.72684644796,"Glacial_troughs_seafloor"
310089,2619.72684644793,"Glacial_troughs_seafloor"
310090,2619.72684644796,"Glacial_troughs_seafloor"
310091,2619.72684644796,"Glacial_troughs_seafloor"
310092,2619.72684644791,"Glacial_troughs_seafloor"
310093,2619.72684644791,"Glacial_troughs_seafloor"
310200,2619.72684644794,"Glacial_troughs_seafloor"
310201,2619.7268464479,"Glacial_troughs_seafloor"
310202,2619.72684644794,"Glacial_troughs_seafloor"
310203,2619.72684644794,"Glacial_troughs_seafloor"
310204,2619.7268464479,"Glacial_troughs_seafloor"
310205,2619.72684644794,"Glacial_troughs_seafloor"
310206,2619.7268464479,"Glacial_troughs_seafloor"
310207,2619.72684644794,"Glacial_troughs_seafloor"
310208,2619.72684644794,"Glacial_troughs_seafloor"
310318,2619.7268464479,"Glacial_troughs_seafloor"
310319,2619.72684644792,"Glacial_troughs_seafloor"
310320,2619.72684644792,"Glacial_troughs_seafloor"
310321,2619.72684644788,"Glacial_troughs_seafloor"
310322,2619.72684644792,"Glacial_troughs_seafloor"
310323,2619.7268464479,"Glacial_troughs_seafloor"
310324,2619.72684644792,"Glacial_troughs_seafloor"
310325,2619.72684644792,"Glacial_troughs_seafloor"
310326,2619.72684644788,"Glacial_troughs_seafloor"
310327,2619.72684644788,"Glacial_troughs_seafloor"
310442,2619.72684644795,"Glacial_troughs_seafloor"
310443,2619.72684644788,"Glacial_troughs_seafloor"
310444,2619.72684644795,"Glacial_troughs_seafloor"
310445,2619.72684644795,"Glacial_troughs_seafloor"
310446,2619.72684644795,"Glacial_troughs_seafloor"
310447,2619.72684644795,"Glacial_troughs_seafloor"
310449,2619.72684644795,"Glacial_troughs_seafloor"
310450,2619.72684644795,"Glacial_troughs_seafloor"
310568,2619.72684644792,"Glacial_troughs_seafloor"
310569,2619.72684644794,"Glacial_troughs_seafloor"
310570,2619.72684644794,"Glacial_troughs_seafloor"
310572,2619.72684644794,"Glacial_troughs_seafloor"
310573,2619.72684644792,"Glacial_troughs_seafloor"
310575,2619.72684644794,"Glacial_troughs_seafloor"
310576,2619.72684644791,"Glacial_troughs_seafloor"
310577,2619.72684644791,"Glacial_troughs_seafloor"
310699,2619.72684644795,"Glacial_troughs_seafloor"
310700,2619.72684644789,"Glacial_troughs_seafloor"
310702,2619.72684644795,"Glacial_troughs_seafloor"
310703,2619.72684644792,"Glacial_troughs_seafloor"
310704,2619.72684644795,"Glacial_troughs_seafloor"
310831,2619.72684644792,"Glacial_troughs_seafloor"
310832,2619.72684644797,"Glacial_troughs_seafloor"
310834,2619.72684644791,"Glacial_troughs_seafloor"
310835,2619.72684644797,"Glacial_troughs_seafloor"
310968,2619.72684644795,"Glacial_troughs_seafloor"
310971,2619.72684644795,"Glacial_troughs_seafloor"
310975,2619.72684644795,"Glacial_troughs_seafloor"
311103,2619.72684644789,"Glacial_troughs_seafloor"
311104,2619.72684644793,"Glacial_troughs_seafloor"
311106,2619.72684644787,"Glacial_troughs_seafloor"
311107,2619.72684644793,"Glacial_troughs_seafloor"
311110,2619.72684644793,"Glacial_troughs_seafloor"
311240,2619.72684644796,"Glacial_troughs_seafloor"
311242,2619.72684644796,"Glacial_troughs_seafloor"
311243,2619.72684644796,"Glacial_troughs_seafloor"
311247,2619.72684644796,"Glacial_troughs_seafloor"
311374,2619.72684644792,"Glacial_troughs_seafloor"
311381,2619.72684644793,"Glacial_troughs_seafloor"
311382,2619.72684644791,"Glacial_troughs_seafloor"
311513,2619.72684644793,"Glacial_troughs_seafloor"
311518,2619.72684644793,"Glacial_troughs_seafloor"
311519,2619.72684644793,"Glacial_troughs_seafloor"
311651,2619.72684644792,"Glacial_troughs_seafloor"
311658,2619.72684644796,"Glacial_troughs_seafloor"
311659,2619.7268464479,"Glacial_troughs_seafloor"
311793,2619.72684644793,"Glacial_troughs_seafloor"
311798,2619.72684644788,"Glacial_troughs_seafloor"
311799,2619.72684644793,"Glacial_troughs_seafloor"
311800,2619.72684644793,"Glacial_troughs_seafloor"
311934,2619.72684644791,"Glacial_troughs_seafloor"
311939,2619.72684644793,"Glacial_troughs_seafloor"
311940,2619.72684644793,"Glacial_troughs_seafloor"
311941,2619.72684644786,"Glacial_troughs_seafloor"
312082,2619.72684644798,"Glacial_troughs_seafloor"
312083,2619.7268464479,"Glacial_troughs_seafloor"
312084,2619.72684644798,"Glacial_troughs_seafloor"
312219,2619.72684644791,"Glacial_troughs_seafloor"
312223,2619.72684644791,"Glacial_troughs_seafloor"
312224,2619.72684644795,"Glacial_troughs_seafloor"
312225,2619.72684644795,"Glacial_troughs_seafloor"
312366,2619.72684644791,"Glacial_troughs_seafloor"
312367,2619.72684644794,"Glacial_troughs_seafloor"
312368,2619.72684644788,"Glacial_troughs_seafloor"
312369,2619.72684644794,"Glacial_troughs_seafloor"
312509,2619.72684644794,"Glacial_troughs_seafloor"
312510,2619.72684644796,"Glacial_troughs_seafloor"
312511,2619.72684644796,"Glacial_troughs_seafloor"
312651,2619.72684644794,"Glacial_troughs_seafloor"
312652,2619.72684644796,"Glacial_troughs_seafloor"
312653,2619.72684644791,"Glacial_troughs_seafloor"
312654,2619.72684644796,"Glacial_troughs_seafloor"
312795,2619.72684644795,"Glacial_troughs_seafloor"
312796,2619.72684644791,"Glacial_troughs_seafloor"
312797,2619.72684644795,"Glacial_troughs_seafloor"
312798,2619.72684644795,"Glacial_troughs_seafloor"
312934,2619.72684644793,"Glacial_troughs_seafloor"
312935,2619.72684644791,"Glacial_troughs_seafloor"
312936,2619.72684644793,"Glacial_troughs_seafloor"
312937,2619.72684644788,"Glacial_troughs_seafloor"
313075,2619.72684644793,"Glacial_troughs_seafloor"
313076,2619.72684644794,"Glacial_troughs_seafloor"
313077,2619.72684644793,"Glacial_troughs_seafloor"
313078,2619.72684644793,"Glacial_troughs_seafloor"
313219,2619.72684644792,"Glacial_troughs_seafloor"
313220,2619.72684644791,"Glacial_troughs_seafloor"
313221,2619.72684644792,"Glacial_troughs_seafloor"
313222,2619.72684644789,"Glacial_troughs_seafloor"
313357,2619.7268464479,"Glacial_troughs_seafloor"
313358,2619.72684644796,"Glacial_troughs_seafloor"
313359,2619.72684644791,"Glacial_troughs_seafloor"
313492,2619.72684644794,"Glacial_troughs_seafloor"
313493,2619.72684644794,"Glacial_troughs_seafloor"
313494,2619.72684644794,"Glacial_troughs_seafloor"
313628,2619.72684644787,"Glacial_troughs_seafloor"
313629,2619.72684644792,"Glacial_troughs_seafloor"
313761,2619.72684644793,"Glacial_troughs_seafloor"
313762,2619.72684644793,"Glacial_troughs_seafloor"
313763,2619.7268464479,"Glacial_troughs_seafloor"
313894,2619.72684644791,"Glacial_troughs_seafloor"
313895,2619.72684644796,"Glacial_troughs_seafloor"
314025,2619.72684644795,"Glacial_troughs_seafloor"
314157,2619.72684644792,"Glacial_troughs_seafloor"
314158,2619.72684644789,"Glacial_troughs_seafloor"
314286,2619.7268464479,"Glacial_troughs_seafloor"
314287,2619.72684644796,"Glacial_troughs_seafloor"
314419,2619.72684644796,"Glacial_troughs_seafloor"
314420,2619.72684644786,"Glacial_troughs_seafloor"
314552,2619.72684644791,"Glacial_troughs_seafloor"
314553,2619.72684644796,"Glacial_troughs_seafloor"
314684,2619.72684644794,"Glacial_troughs_seafloor"
314685,2619.72684644794,"Glacial_troughs_seafloor"
314817,2619.7268464479,"Glacial_troughs_seafloor"
314946,2619.72684644793,"Glacial_troughs_seafloor"
314947,2619.72684644795,"Glacial_troughs_seafloor"
315080,2619.72684644794,"Glacial_troughs_seafloor"
315212,2619.72684644795,"Glacial_troughs_seafloor"
315213,2619.72684644796,"Glacial_troughs_seafloor"
315340,2619.72684644793,"Glacial_troughs_seafloor"
315341,2619.72684644794,"Glacial_troughs_seafloor"
315467,2619.72684644796,"Glacial_troughs_seafloor"
315468,2619.72684644793,"Glacial_troughs_seafloor"
315469,2619.72684644796,"Glacial_troughs_seafloor"
315596,2619.72684644791,"Glacial_troughs_seafloor"
315597,2619.72684644792,"Glacial_troughs_seafloor"
315598,2619.72684644795,"Glacial_troughs_seafloor"
315724,2619.72684644792,"Glacial_troughs_seafloor"
315725,2619.72684644789,"Glacial_troughs_seafloor"
315726,2619.72684644792,"Glacial_troughs_seafloor"
315855,2619.72684644789,"Glacial_troughs_seafloor"
315856,2619.72684644792,"Glacial_troughs_seafloor"
315857,2619.72684644795,"Glacial_troughs_seafloor"
315985,2619.72684644796,"Glacial_troughs_seafloor"
315986,2619.72684644796,"Glacial_troughs_seafloor"
315987,2619.72684644794,"Glacial_troughs_seafloor"
315988,2619.72684644796,"Glacial_troughs_seafloor"
316118,2619.72684644787,"Glacial_troughs_seafloor"
316119,2619.72684644792,"Glacial_troughs_seafloor"
316120,2619.72684644792,"Glacial_troughs_seafloor"
316249,2619.72684644795,"Glacial_troughs_seafloor"
316250,2619.72684644795,"Glacial_troughs_seafloor"
316251,2619.72684644792,"Glacial_troughs_seafloor"
316252,2619.72684644795,"Glacial_troughs_seafloor"
316384,2619.7268464479,"Glacial_troughs_seafloor"
316385,2619.72684644791,"Glacial_troughs_seafloor"
316386,2619.72684644793,"Glacial_troughs_seafloor"
316517,2619.72684644794,"Glacial_troughs_seafloor"
316518,2619.72684644794,"Glacial_troughs_seafloor"
316655,2619.7268464479,"Glacial_troughs_seafloor"
316793,2619.72684644796,"Glacial_troughs_seafloor"
316794,2619.72684644796,"Glacial_troughs_seafloor"
316933,2619.72684644791,"Glacial_troughs_seafloor"
317072,2619.72684644795,"Glacial_troughs_seafloor"
317073,2619.72684644795,"Glacial_troughs_seafloor"
317211,2619.72684644794,"Glacial_troughs_seafloor"
317212,2619.72684644791,"Glacial_troughs_seafloor"
317351,2619.72684644794,"Glacial_troughs_seafloor"
317352,2619.72684644794,"Glacial_troughs_seafloor"
317491,2619.72684644794,"Glacial_troughs_seafloor"
317492,2619.72684644788,"Glacial_troughs_seafloor"
317632,2619.72684644795,"Glacial_troughs_seafloor"
317774,2619.72684644795,"Glacial_troughs_seafloor"
317775,2619.72684644789,"Glacial_troughs_seafloor"
317917,2619.72684644794,"Glacial_troughs_seafloor"
318059,2619.72684644794,"Glacial_troughs_seafloor"
318060,2619.72684644789,"Glacial_troughs_seafloor"
318202,2619.72684644792,"Glacial_troughs_seafloor"
318203,2619.72684644794,"Glacial_troughs_seafloor"
318204,2619.72684644794,"Glacial_troughs_seafloor"
318346,2619.72684644794,"Glacial_troughs_seafloor"
318347,2619.72684644789,"Glacial_troughs_seafloor"
318488,2619.72684644792,"Glacial_troughs_seafloor"
318489,2619.72684644795,"Glacial_troughs_seafloor"
318490,2619.72684644795,"Glacial_troughs_seafloor"
318631,2619.72684644795,"Glacial_troughs_seafloor"
318632,2619.7268464479,"Glacial_troughs_seafloor"
318777,2619.72684644795,"Glacial_troughs_seafloor"
318778,2619.72684644795,"Glacial_troughs_seafloor"
318923,2619.7268464479,"Glacial_troughs_seafloor"
318924,2619.72684644792,"Glacial_troughs_seafloor"
319068,2619.72684644795,"Glacial_troughs_seafloor"
319211,2619.7268464479,"Glacial_troughs_seafloor"
319212,2619.72684644792,"Glacial_troughs_seafloor"
319347,2619.72684644795,"Glacial_troughs_seafloor"
320720,2619.72684644792,"Glacial_troughs_seafloor"
320836,2619.72684644791,"Glacial_troughs_seafloor"
320837,2619.72684644791,"Glacial_troughs_seafloor"
320952,2619.72684644792,"Glacial_troughs_seafloor"
320953,2619.72684644794,"Glacial_troughs_seafloor"
321067,2619.72684644792,"Glacial_troughs_seafloor"
321068,2619.72684644792,"Glacial_troughs_seafloor"
321069,2619.72684644794,"Glacial_troughs_seafloor"
321181,2619.7268464479,"Glacial_troughs_seafloor"
321182,2619.72684644794,"Glacial_troughs_seafloor"
321183,2619.72684644788,"Glacial_troughs_seafloor"
321294,2619.72684644792,"Glacial_troughs_seafloor"
321295,2619.72684644792,"Glacial_troughs_seafloor"
321296,2619.72684644795,"Glacial_troughs_seafloor"
321297,2619.72684644795,"Glacial_troughs_seafloor"
321408,2619.72684644792,"Glacial_troughs_seafloor"
321409,2619.72684644796,"Glacial_troughs_seafloor"
321410,2619.72684644789,"Glacial_troughs_seafloor"
321520,2619.72684644791,"Glacial_troughs_seafloor"
321521,2619.72684644792,"Glacial_troughs_seafloor"
321522,2619.72684644794,"Glacial_troughs_seafloor"
321523,2619.72684644794,"Glacial_troughs_seafloor"
321632,2619.72684644792,"Glacial_troughs_seafloor"
321633,2619.72684644795,"Glacial_troughs_seafloor"
321634,2619.7268464479,"Glacial_troughs_seafloor"
321744,2619.72684644792,"Glacial_troughs_seafloor"
321745,2619.72684644792,"Glacial_troughs_seafloor"
321746,2619.72684644794,"Glacial_troughs_seafloor"
321747,2619.72684644794,"Glacial_troughs_seafloor"
321859,2619.72684644792,"Glacial_troughs_seafloor"
321860,2619.72684644795,"Glacial_troughs_seafloor"
321861,2619.72684644788,"Glacial_troughs_seafloor"
321975,2619.72684644792,"Glacial_troughs_seafloor"
321976,2619.72684644794,"Glacial_troughs_seafloor"
322087,2619.72684644794,"Glacial_troughs_seafloor"
322088,2619.72684644791,"Glacial_troughs_seafloor"
322201,2619.72684644794,"Glacial_troughs_seafloor"
322538,2619.72684644789,"Glacial_troughs_seafloor"
322648,2619.72684644794,"Glacial_troughs_seafloor"
322649,2619.72684644794,"Glacial_troughs_seafloor"
322753,2619.7268464479,"Glacial_troughs_seafloor"
322854,2619.72684644794,"Glacial_troughs_seafloor"
322951,2619.7268464479,"Glacial_troughs_seafloor"
324044,2619.72684644794,"Glacial_troughs_seafloor"
324119,2619.72684644789,"Glacial_troughs_seafloor"
324193,2619.72684644794,"Glacial_troughs_seafloor"
324267,2619.72684644789,"Glacial_troughs_seafloor"
324342,2619.72684644794,"Glacial_troughs_seafloor"
325144,2619.72684644794,"Glacial_troughs_seafloor"
325231,2619.72684644794,"Glacial_troughs_seafloor"
325316,2619.72684644794,"Glacial_troughs_seafloor"
325406,2619.72684644794,"Glacial_troughs_seafloor"
325497,2619.72684644794,"Glacial_troughs_seafloor"
325590,2619.72684644794,"Glacial_troughs_seafloor"
327324,2619.72684644794,"Glacial_troughs_seafloor"
328068,2619.72684644789,"Glacial_troughs_seafloor"
328148,2619.72684644794,"Glacial_troughs_seafloor"
328228,2619.72684644789,"Glacial_troughs_seafloor"
328308,2619.72684644794,"Glacial_troughs_seafloor"
330125,2619.72684644808,"Glacial_troughs_seafloor"
330163,2619.72684644808,"Glacial_troughs_seafloor"
330204,2619.72684644788,"Glacial_troughs_seafloor"
330206,2619.72684644808,"Glacial_troughs_seafloor"
330210,2619.72684644793,"Glacial_troughs_seafloor"
330244,2619.72684644786,"Glacial_troughs_seafloor"
330246,2619.72684644786,"Glacial_troughs_seafloor"
330285,2619.72684644786,"Glacial_troughs_seafloor"
330287,2619.72684644807,"Glacial_troughs_seafloor"
330291,2619.72684644794,"Glacial_troughs_seafloor"
330325,2619.72684644788,"Glacial_troughs_seafloor"
330327,2619.72684644788,"Glacial_troughs_seafloor"
330328,2619.72684644788,"Glacial_troughs_seafloor"
330367,2619.72684644786,"Glacial_troughs_seafloor"
330369,2619.72684644807,"Glacial_troughs_seafloor"
330373,2619.72684644794,"Glacial_troughs_seafloor"
330409,2619.72684644786,"Glacial_troughs_seafloor"
330410,2619.72684644786,"Glacial_troughs_seafloor"
330447,2619.72684644797,"Glacial_troughs_seafloor"
330450,2619.72684644806,"Glacial_troughs_seafloor"
330487,2619.72684644786,"Glacial_troughs_seafloor"
330489,2619.72684644786,"Glacial_troughs_seafloor"
330527,2619.72684644798,"Glacial_troughs_seafloor"
330528,2619.72684644786,"Glacial_troughs_seafloor"
330529,2619.72684644786,"Glacial_troughs_seafloor"
330566,2619.72684644789,"Glacial_troughs_seafloor"
330567,2619.72684644807,"Glacial_troughs_seafloor"
330605,2619.72684644797,"Glacial_troughs_seafloor"
330606,2619.72684644787,"Glacial_troughs_seafloor"
330609,2619.72684644795,"Glacial_troughs_seafloor"
330643,2619.72684644795,"Glacial_troughs_seafloor"
330644,2619.72684644787,"Glacial_troughs_seafloor"
330648,2619.72684644789,"Glacial_troughs_seafloor"
330683,2619.72684644797,"Glacial_troughs_seafloor"
330687,2619.72684644794,"Glacial_troughs_seafloor"
330721,2619.72684644797,"Glacial_troughs_seafloor"
330725,2619.72684644788,"Glacial_troughs_seafloor"
330763,2619.72684644794,"Glacial_troughs_seafloor"
330800,2619.72684644789,"Glacial_troughs_seafloor"
330801,2619.72684644795,"Glacial_troughs_seafloor"
330837,2619.72684644794,"Glacial_troughs_seafloor"
330911,2619.72684644795,"Glacial_troughs_seafloor"
330948,2619.72684644794,"Glacial_troughs_seafloor"
330984,2619.72684644795,"Glacial_troughs_seafloor"
331020,2619.72684644796,"Glacial_troughs_seafloor"
331091,2619.72684644795,"Glacial_troughs_seafloor"
331127,2619.72684644793,"Glacial_troughs_seafloor"
331162,2619.72684644796,"Glacial_troughs_seafloor"
331198,2619.72684644791,"Glacial_troughs_seafloor"
331269,2619.72684644792,"Glacial_troughs_seafloor"
331306,2619.72684644794,"Glacial_troughs_seafloor"
331341,2619.72684644793,"Glacial_troughs_seafloor"
331377,2619.72684644793,"Glacial_troughs_seafloor"
331412,2619.72684644794,"Glacial_troughs_seafloor"
331448,2619.7268464479,"Glacial_troughs_seafloor"
331485,2619.72684644793,"Glacial_troughs_seafloor"
331521,2619.72684644793,"Glacial_troughs_seafloor"
331595,2619.72684644793,"Glacial_troughs_seafloor"
331631,2619.7268464479,"Glacial_troughs_seafloor"
331632,2619.72684644793,"Glacial_troughs_seafloor"
331666,2619.72684644789,"Glacial_troughs_seafloor"
331667,2619.72684644795,"Glacial_troughs_seafloor"
331702,2619.72684644794,"Glacial_troughs_seafloor"
331769,2619.72684644794,"Glacial_troughs_seafloor"
331801,2619.72684644792,"Glacial_troughs_seafloor"
331802,2619.72684644795,"Glacial_troughs_seafloor"
331834,2619.72684644794,"Glacial_troughs_seafloor"
331866,2619.72684644793,"Glacial_troughs_seafloor"
331929,2619.72684644796,"Glacial_troughs_seafloor"
331961,2619.7268464479,"Glacial_troughs_seafloor"
331993,2619.72684644793,"Glacial_troughs_seafloor"
332059,2619.72684644795,"Glacial_troughs_seafloor"
332094,2619.7268464479,"Glacial_troughs_seafloor"
332130,2619.72684644793,"Glacial_troughs_seafloor"
332166,2619.72684644788,"Glacial_troughs_seafloor"
332203,2619.72684644795,"Glacial_troughs_seafloor"
332240,2619.7268464479,"Glacial_troughs_seafloor"
332278,2619.72684644793,"Glacial_troughs_seafloor"
332314,2619.72684644794,"Glacial_troughs_seafloor"
332315,2619.72684644791,"Glacial_troughs_seafloor"
332354,2619.72684644796,"Glacial_troughs_seafloor"
332394,2619.72684644795,"Glacial_troughs_seafloor"
332395,2619.72684644791,"Glacial_troughs_seafloor"
332434,2619.72684644791,"Glacial_troughs_seafloor"
332435,2619.72684644792,"Glacial_troughs_seafloor"
332477,2619.72684644792,"Glacial_troughs_seafloor"
332520,2619.72684644793,"Glacial_troughs_seafloor"
332566,2619.7268464479,"Glacial_troughs_seafloor"
332567,2619.72684644793,"Glacial_troughs_seafloor"
332613,2619.7268464479,"Glacial_troughs_seafloor"
332663,2619.72684644793,"Glacial_troughs_seafloor"
332664,2619.72684644795,"Glacial_troughs_seafloor"
332712,2619.7268464479,"Glacial_troughs_seafloor"
332763,2619.72684644794,"Glacial_troughs_seafloor"
332811,2619.72684644793,"Glacial_troughs_seafloor"
332861,2619.72684644793,"Glacial_troughs_seafloor"
332862,2619.72684644794,"Glacial_troughs_seafloor"
332912,2619.7268464479,"Glacial_troughs_seafloor"
332962,2619.72684644793,"Glacial_troughs_seafloor"
333015,2619.7268464479,"Glacial_troughs_seafloor"
333067,2619.7268464479,"Glacial_troughs_seafloor"
333068,2619.72684644796,"Glacial_troughs_seafloor"
333120,2619.72684644796,"Glacial_troughs_seafloor"
333171,2619.72684644792,"Glacial_troughs_seafloor"
333220,2619.72684644794,"Glacial_troughs_seafloor"
333221,2619.72684644792,"Glacial_troughs_seafloor"
333269,2619.72684644797,"Glacial_troughs_seafloor"
333270,2619.72684644792,"Glacial_troughs_seafloor"
333317,2619.72684644795,"Glacial_troughs_seafloor"
333318,2619.72684644792,"Glacial_troughs_seafloor"
333366,2619.72684644789,"Glacial_troughs_seafloor"
333411,2619.72684644787,"Glacial_troughs_seafloor"
333412,2619.72684644791,"Glacial_troughs_seafloor"
333460,2619.72684644795,"Glacial_troughs_seafloor"
333461,2619.72684644795,"Glacial_troughs_seafloor"
333504,2619.72684644791,"Glacial_troughs_seafloor"
333505,2619.72684644794,"Glacial_troughs_seafloor"
333506,2619.72684644792,"Glacial_troughs_seafloor"
333548,2619.72684644792,"Glacial_troughs_seafloor"
333549,2619.72684644792,"Glacial_troughs_seafloor"
333550,2619.72684644792,"Glacial_troughs_seafloor"
333590,2619.7268464479,"Glacial_troughs_seafloor"
333591,2619.72684644795,"Glacial_troughs_seafloor"
333592,2619.72684644792,"Glacial_troughs_seafloor"
333634,2619.72684644794,"Glacial_troughs_seafloor"
333635,2619.72684644791,"Glacial_troughs_seafloor"
333636,2619.72684644794,"Glacial_troughs_seafloor"
333678,2619.72684644786,"Glacial_troughs_seafloor"
333679,2619.72684644796,"Glacial_troughs_seafloor"
333680,2619.72684644788,"Glacial_troughs_seafloor"
333720,2619.72684644793,"Glacial_troughs_seafloor"
333721,2619.72684644794,"Glacial_troughs_seafloor"
333722,2619.72684644793,"Glacial_troughs_seafloor"
333763,2619.72684644792,"Glacial_troughs_seafloor"
333764,2619.72684644791,"Glacial_troughs_seafloor"
333804,2619.72684644793,"Glacial_troughs_seafloor"
333805,2619.72684644791,"Glacial_troughs_seafloor"
333806,2619.72684644793,"Glacial_troughs_seafloor"
333847,2619.72684644796,"Glacial_troughs_seafloor"
333848,2619.72684644794,"Glacial_troughs_seafloor"
333888,2619.72684644793,"Glacial_troughs_seafloor"
333929,2619.72684644792,"Glacial_troughs_seafloor"
333971,2619.72684644794,"Glacial_troughs_seafloor"
334011,2619.72684644794,"Glacial_troughs_seafloor"
334053,2619.72684644791,"Glacial_troughs_seafloor"
334094,2619.72684644795,"Glacial_troughs_seafloor"
334136,2619.72684644794,"Glacial_troughs_seafloor"
334184,2619.72684644791,"Glacial_troughs_seafloor"
334231,2619.72684644791,"Glacial_troughs_seafloor"
334232,2619.72684644795,"Glacial_troughs_seafloor"
334279,2619.72684644794,"Glacial_troughs_seafloor"
334326,2619.72684644791,"Glacial_troughs_seafloor"
334327,2619.72684644794,"Glacial_troughs_seafloor"
334375,2619.72684644788,"Glacial_troughs_seafloor"
334426,2619.72684644796,"Glacial_troughs_seafloor"
334478,2619.72684644793,"Glacial_troughs_seafloor"
334479,2619.72684644791,"Glacial_troughs_seafloor"
334532,2619.72684644791,"Glacial_troughs_seafloor"
334586,2619.72684644795,"Glacial_troughs_seafloor"
334642,2619.72684644796,"Glacial_troughs_seafloor"
334698,2619.72684644796,"Glacial_troughs_seafloor"
334810,2619.72684644794,"Glacial_troughs_seafloor"
334867,2619.72684644786,"Glacial_troughs_seafloor"
334923,2619.72684644794,"Glacial_troughs_seafloor"
334981,2619.72684644788,"Glacial_troughs_seafloor"
335041,2619.72684644793,"Glacial_troughs_seafloor"
335161,2619.72684644797,"Glacial_troughs_seafloor"
335284,2619.72684644794,"Glacial_troughs_seafloor"
335405,2619.72684644795,"Glacial_troughs_seafloor"
335521,2619.72684644796,"Glacial_troughs_seafloor"
335575,2619.72684644796,"Glacial_troughs_seafloor"
335630,2619.72684644791,"Glacial_troughs_seafloor"
335682,2619.72684644796,"Glacial_troughs_seafloor"
335734,2619.72684644791,"Glacial_troughs_seafloor"
335785,2619.72684644788,"Glacial_troughs_seafloor"
335786,2619.72684644787,"Glacial_troughs_seafloor"
335834,2619.72684644799,"Glacial_troughs_seafloor"
335884,2619.72684644796,"Glacial_troughs_seafloor"
335885,2619.72684644787,"Glacial_troughs_seafloor"
335933,2619.72684644794,"Glacial_troughs_seafloor"
335983,2619.72684644798,"Glacial_troughs_seafloor"
335984,2619.72684644791,"Glacial_troughs_seafloor"
336035,2619.72684644796,"Glacial_troughs_seafloor"
336089,2619.72684644791,"Glacial_troughs_seafloor"
336141,2619.72684644797,"Glacial_troughs_seafloor"
336196,2619.72684644791,"Glacial_troughs_seafloor"
336249,2619.72684644791,"Glacial_troughs_seafloor"
336250,2619.72684644791,"Glacial_troughs_seafloor"
336303,2619.72684644789,"Glacial_troughs_seafloor"
336355,2619.72684644792,"Glacial_troughs_seafloor"
336356,2619.72684644792,"Glacial_troughs_seafloor"
336408,2619.72684644789,"Glacial_troughs_seafloor"
336464,2619.72684644799,"Glacial_troughs_seafloor"
336517,2619.72684644791,"Glacial_troughs_seafloor"
336573,2619.72684644794,"Glacial_troughs_seafloor"
336629,2619.72684644791,"Glacial_troughs_seafloor"
336684,2619.72684644792,"Glacial_troughs_seafloor"
336741,2619.72684644793,"Glacial_troughs_seafloor"
336797,2619.72684644796,"Glacial_troughs_seafloor"
336857,2619.7268464479,"Glacial_troughs_seafloor"
336858,2619.72684644796,"Glacial_troughs_seafloor"
336918,2619.72684644791,"Glacial_troughs_seafloor"
336981,2619.72684644786,"Glacial_troughs_seafloor"
336982,2619.72684644794,"Glacial_troughs_seafloor"
337047,2619.72684644794,"Glacial_troughs_seafloor"
337115,2619.72684644786,"Glacial_troughs_seafloor"
337116,2619.72684644795,"Glacial_troughs_seafloor"
337184,2619.72684644791,"Glacial_troughs_seafloor"
337258,2619.72684644786,"Glacial_troughs_seafloor"
337259,2619.72684644795,"Glacial_troughs_seafloor"
337336,2619.72684644794,"Glacial_troughs_seafloor"
337337,2619.72684644781,"Glacial_troughs_seafloor"
337416,2619.72684644795,"Glacial_troughs_seafloor"
337417,2619.72684644798,"Glacial_troughs_seafloor"
337499,2619.72684644799,"Glacial_troughs_seafloor"
337500,2619.72684644793,"Glacial_troughs_seafloor"
337588,2619.72684644789,"Glacial_troughs_seafloor"
337589,2619.72684644789,"Glacial_troughs_seafloor"
337682,2619.72684644789,"Glacial_troughs_seafloor"
337683,2619.72684644789,"Glacial_troughs_seafloor"
337776,2619.72684644791,"Glacial_troughs_seafloor"
337873,2619.72684644791,"Glacial_troughs_seafloor"
337969,2619.72684644798,"Glacial_troughs_seafloor"
337970,2619.72684644794,"Glacial_troughs_seafloor"
338071,2619.72684644794,"Glacial_troughs_seafloor"
338072,2619.72684644794,"Glacial_troughs_seafloor"
338170,2619.72684644798,"Glacial_troughs_seafloor"
338171,2619.72684644788,"Glacial_troughs_seafloor"
338271,2619.72684644799,"Glacial_troughs_seafloor"
338272,2619.72684644799,"Glacial_troughs_seafloor"
338372,2619.72684644798,"Glacial_troughs_seafloor"
338373,2619.72684644791,"Glacial_troughs_seafloor"
338474,2619.72684644785,"Glacial_troughs_seafloor"
338475,2619.72684644792,"Glacial_troughs_seafloor"
338476,2619.72684644792,"Glacial_troughs_seafloor"
338577,2619.72684644791,"Glacial_troughs_seafloor"
338579,2619.72684644791,"Glacial_troughs_seafloor"
338682,2619.72684644798,"Glacial_troughs_seafloor"
338683,2619.72684644798,"Glacial_troughs_seafloor"
338784,2619.72684644785,"Glacial_troughs_seafloor"
338786,2619.72684644785,"Glacial_troughs_seafloor"
338989,2619.72684644797,"Glacial_troughs_seafloor"
339089,2619.72684644788,"Glacial_troughs_seafloor"
339191,2619.72684644797,"Glacial_troughs_seafloor"
339291,2619.72684644794,"Glacial_troughs_seafloor"
339391,2619.72684644791,"Glacial_troughs_seafloor"
339494,2619.72684644794,"Glacial_troughs_seafloor"
339496,2619.72684644792,"Glacial_troughs_seafloor"
339596,2619.72684644791,"Glacial_troughs_seafloor"
339600,2619.72684644794,"Glacial_troughs_seafloor"
339699,2619.72684644787,"Glacial_troughs_seafloor"
339701,2619.72684644791,"Glacial_troughs_seafloor"
339798,2619.7268464479,"Glacial_troughs_seafloor"
339799,2619.7268464479,"Glacial_troughs_seafloor"
339801,2619.7268464479,"Glacial_troughs_seafloor"
339802,2619.72684644787,"Glacial_troughs_seafloor"
339901,2619.72684644795,"Glacial_troughs_seafloor"
339902,2619.72684644793,"Glacial_troughs_seafloor"
339904,2619.72684644797,"Glacial_troughs_seafloor"
339905,2619.72684644797,"Glacial_troughs_seafloor"
340001,2619.72684644784,"Glacial_troughs_seafloor"
340002,2619.7268464479,"Glacial_troughs_seafloor"
340003,2619.7268464479,"Glacial_troughs_seafloor"
340004,2619.72684644787,"Glacial_troughs_seafloor"
340101,2619.72684644791,"Glacial_troughs_seafloor"
340102,2619.72684644793,"Glacial_troughs_seafloor"
340104,2619.72684644794,"Glacial_troughs_seafloor"
340201,2619.72684644796,"Glacial_troughs_seafloor"
340202,2619.7268464479,"Glacial_troughs_seafloor"
340203,2619.7268464479,"Glacial_troughs_seafloor"
340204,2619.7268464479,"Glacial_troughs_seafloor"
340300,2619.7268464479,"Glacial_troughs_seafloor"
340301,2619.72684644787,"Glacial_troughs_seafloor"
340302,2619.7268464479,"Glacial_troughs_seafloor"
340304,2619.7268464479,"Glacial_troughs_seafloor"
340305,2619.7268464479,"Glacial_troughs_seafloor"
340400,2619.72684644796,"Glacial_troughs_seafloor"
340401,2619.72684644793,"Glacial_troughs_seafloor"
340402,2619.72684644793,"Glacial_troughs_seafloor"
340403,2619.72684644787,"Glacial_troughs_seafloor"
340499,2619.72684644791,"Glacial_troughs_seafloor"
340500,2619.72684644793,"Glacial_troughs_seafloor"
340501,2619.72684644792,"Glacial_troughs_seafloor"
340503,2619.72684644792,"Glacial_troughs_seafloor"
340504,2619.72684644792,"Glacial_troughs_seafloor"
340599,2619.7268464479,"Glacial_troughs_seafloor"
340600,2619.7268464479,"Glacial_troughs_seafloor"
340602,2619.72684644787,"Glacial_troughs_seafloor"
340697,2619.72684644798,"Glacial_troughs_seafloor"
340698,2619.72684644798,"Glacial_troughs_seafloor"
340700,2619.72684644798,"Glacial_troughs_seafloor"
340701,2619.72684644798,"Glacial_troughs_seafloor"
340795,2619.72684644795,"Glacial_troughs_seafloor"
340796,2619.72684644798,"Glacial_troughs_seafloor"
340798,2619.72684644789,"Glacial_troughs_seafloor"
340885,2619.72684644786,"Glacial_troughs_seafloor"
340886,2619.72684644791,"Glacial_troughs_seafloor"
340887,2619.72684644791,"Glacial_troughs_seafloor"
340888,2619.72684644791,"Glacial_troughs_seafloor"
340973,2619.72684644789,"Glacial_troughs_seafloor"
340974,2619.72684644792,"Glacial_troughs_seafloor"
340975,2619.72684644786,"Glacial_troughs_seafloor"
340976,2619.72684644792,"Glacial_troughs_seafloor"
340977,2619.72684644786,"Glacial_troughs_seafloor"
341061,2619.72684644792,"Glacial_troughs_seafloor"
341062,2619.72684644796,"Glacial_troughs_seafloor"
341063,2619.72684644796,"Glacial_troughs_seafloor"
341142,2619.72684644795,"Glacial_troughs_seafloor"
341143,2619.72684644795,"Glacial_troughs_seafloor"
341144,2619.72684644786,"Glacial_troughs_seafloor"
341145,2619.72684644795,"Glacial_troughs_seafloor"
341146,2619.72684644786,"Glacial_troughs_seafloor"
341223,2619.72684644792,"Glacial_troughs_seafloor"
341224,2619.72684644792,"Glacial_troughs_seafloor"
341225,2619.72684644792,"Glacial_troughs_seafloor"
341299,2619.72684644792,"Glacial_troughs_seafloor"
341300,2619.72684644786,"Glacial_troughs_seafloor"
341302,2619.72684644786,"Glacial_troughs_seafloor"
341374,2619.72684644792,"Glacial_troughs_seafloor"
341375,2619.72684644798,"Glacial_troughs_seafloor"
341378,2619.72684644798,"Glacial_troughs_seafloor"
341443,2619.72684644794,"Glacial_troughs_seafloor"
341444,2619.72684644794,"Glacial_troughs_seafloor"
341446,2619.72684644794,"Glacial_troughs_seafloor"
341512,2619.72684644785,"Glacial_troughs_seafloor"
341513,2619.72684644791,"Glacial_troughs_seafloor"
341516,2619.72684644791,"Glacial_troughs_seafloor"
341580,2619.72684644794,"Glacial_troughs_seafloor"
341581,2619.72684644791,"Glacial_troughs_seafloor"
341583,2619.72684644791,"Glacial_troughs_seafloor"
341651,2619.72684644797,"Glacial_troughs_seafloor"
341653,2619.72684644798,"Glacial_troughs_seafloor"
341654,2619.72684644797,"Glacial_troughs_seafloor"
341722,2619.72684644785,"Glacial_troughs_seafloor"
341723,2619.72684644794,"Glacial_troughs_seafloor"
341724,2619.72684644785,"Glacial_troughs_seafloor"
341791,2619.72684644796,"Glacial_troughs_seafloor"
341792,2619.72684644796,"Glacial_troughs_seafloor"
341794,2619.72684644796,"Glacial_troughs_seafloor"
341862,2619.72684644794,"Glacial_troughs_seafloor"
341863,2619.72684644794,"Glacial_troughs_seafloor"
341864,2619.72684644794,"Glacial_troughs_seafloor"
341930,2619.72684644795,"Glacial_troughs_seafloor"
341931,2619.72684644795,"Glacial_troughs_seafloor"
341932,2619.72684644795,"Glacial_troughs_seafloor"
342000,2619.72684644788,"Glacial_troughs_seafloor"
342001,2619.72684644798,"Glacial_troughs_seafloor"
342002,2619.72684644788,"Glacial_troughs_seafloor"
342069,2619.72684644801,"Glacial_troughs_seafloor"
342070,2619.72684644801,"Glacial_troughs_seafloor"
342071,2619.72684644801,"Glacial_troughs_seafloor"
342072,2619.72684644801,"Glacial_troughs_seafloor"
342140,2619.72684644788,"Glacial_troughs_seafloor"
342143,2619.72684644788,"Glacial_troughs_seafloor"
342210,2619.72684644791,"Glacial_troughs_seafloor"
342211,2619.72684644791,"Glacial_troughs_seafloor"
342212,2619.72684644791,"Glacial_troughs_seafloor"
342213,2619.72684644791,"Glacial_troughs_seafloor"
342280,2619.72684644791,"Glacial_troughs_seafloor"
342281,2619.72684644794,"Glacial_troughs_seafloor"
342282,2619.72684644791,"Glacial_troughs_seafloor"
342350,2619.72684644794,"Glacial_troughs_seafloor"
342351,2619.72684644794,"Glacial_troughs_seafloor"
342419,2619.72684644788,"Glacial_troughs_seafloor"
342420,2619.72684644794,"Glacial_troughs_seafloor"
342421,2619.72684644788,"Glacial_troughs_seafloor"
342490,2619.72684644796,"Glacial_troughs_seafloor"
342491,2619.72684644796,"Glacial_troughs_seafloor"
342492,2619.72684644796,"Glacial_troughs_seafloor"
342560,2619.72684644788,"Glacial_troughs_seafloor"
342561,2619.72684644788,"Glacial_troughs_seafloor"
342562,2619.72684644788,"Glacial_troughs_seafloor"
342632,2619.72684644795,"Glacial_troughs_seafloor"
342633,2619.72684644795,"Glacial_troughs_seafloor"
342634,2619.72684644795,"Glacial_troughs_seafloor"
342704,2619.72684644791,"Glacial_troughs_seafloor"
342705,2619.72684644794,"Glacial_troughs_seafloor"
342707,2619.72684644791,"Glacial_troughs_seafloor"
342783,2619.72684644788,"Glacial_troughs_seafloor"
342785,2619.72684644788,"Glacial_troughs_seafloor"
342786,2619.72684644788,"Glacial_troughs_seafloor"
342861,2619.72684644784,"Glacial_troughs_seafloor"
342862,2619.72684644793,"Glacial_troughs_seafloor"
342864,2619.72684644784,"Glacial_troughs_seafloor"
342943,2619.72684644794,"Glacial_troughs_seafloor"
342945,2619.72684644794,"Glacial_troughs_seafloor"
342946,2619.72684644794,"Glacial_troughs_seafloor"
343024,2619.72684644787,"Glacial_troughs_seafloor"
343026,2619.7268464479,"Glacial_troughs_seafloor"
343105,2619.72684644796,"Glacial_troughs_seafloor"
343107,2619.72684644796,"Glacial_troughs_seafloor"
343108,2619.72684644796,"Glacial_troughs_seafloor"
343187,2619.72684644793,"Glacial_troughs_seafloor"
343189,2619.72684644787,"Glacial_troughs_seafloor"
343274,2619.72684644793,"Glacial_troughs_seafloor"
343275,2619.72684644784,"Glacial_troughs_seafloor"
343276,2619.72684644793,"Glacial_troughs_seafloor"
343277,2619.72684644793,"Glacial_troughs_seafloor"
343362,2619.72684644793,"Glacial_troughs_seafloor"
343365,2619.7268464479,"Glacial_troughs_seafloor"
343449,2619.72684644789,"Glacial_troughs_seafloor"
343450,2619.72684644796,"Glacial_troughs_seafloor"
343453,2619.72684644789,"Glacial_troughs_seafloor"
343454,2619.72684644789,"Glacial_troughs_seafloor"
343538,2619.72684644787,"Glacial_troughs_seafloor"
343540,2619.72684644787,"Glacial_troughs_seafloor"
343541,2619.7268464479,"Glacial_troughs_seafloor"
343624,2619.72684644794,"Glacial_troughs_seafloor"
343625,2619.72684644795,"Glacial_troughs_seafloor"
343628,2619.72684644794,"Glacial_troughs_seafloor"
343629,2619.72684644794,"Glacial_troughs_seafloor"
343712,2619.72684644798,"Glacial_troughs_seafloor"
343714,2619.72684644801,"Glacial_troughs_seafloor"
343715,2619.72684644786,"Glacial_troughs_seafloor"
343798,2619.72684644794,"Glacial_troughs_seafloor"
343799,2619.72684644789,"Glacial_troughs_seafloor"
343801,2619.72684644789,"Glacial_troughs_seafloor"
343802,2619.72684644794,"Glacial_troughs_seafloor"
343803,2619.72684644794,"Glacial_troughs_seafloor"
343885,2619.72684644792,"Glacial_troughs_seafloor"
343889,2619.72684644789,"Glacial_troughs_seafloor"
343890,2619.72684644789,"Glacial_troughs_seafloor"
343973,2619.72684644789,"Glacial_troughs_seafloor"
343976,2619.72684644799,"Glacial_troughs_seafloor"
344059,2619.72684644792,"Glacial_troughs_seafloor"
344060,2619.72684644795,"Glacial_troughs_seafloor"
344063,2619.72684644792,"Glacial_troughs_seafloor"
344064,2619.72684644795,"Glacial_troughs_seafloor"
344065,2619.72684644786,"Glacial_troughs_seafloor"
344148,2619.72684644795,"Glacial_troughs_seafloor"
344150,2619.72684644795,"Glacial_troughs_seafloor"
344151,2619.72684644795,"Glacial_troughs_seafloor"
344152,2619.72684644795,"Glacial_troughs_seafloor"
344234,2619.72684644792,"Glacial_troughs_seafloor"
344235,2619.72684644795,"Glacial_troughs_seafloor"
344237,2619.72684644792,"Glacial_troughs_seafloor"
344238,2619.72684644795,"Glacial_troughs_seafloor"
344321,2619.72684644789,"Glacial_troughs_seafloor"
344324,2619.72684644794,"Glacial_troughs_seafloor"
344325,2619.72684644789,"Glacial_troughs_seafloor"
344326,2619.72684644794,"Glacial_troughs_seafloor"
344409,2619.72684644792,"Glacial_troughs_seafloor"
344412,2619.72684644792,"Glacial_troughs_seafloor"
344413,2619.72684644792,"Glacial_troughs_seafloor"
344499,2619.72684644794,"Glacial_troughs_seafloor"
344500,2619.72684644788,"Glacial_troughs_seafloor"
344501,2619.72684644794,"Glacial_troughs_seafloor"
344584,2619.72684644791,"Glacial_troughs_seafloor"
344585,2619.72684644791,"Glacial_troughs_seafloor"
344587,2619.72684644791,"Glacial_troughs_seafloor"
344588,2619.72684644791,"Glacial_troughs_seafloor"
344589,2619.72684644788,"Glacial_troughs_seafloor"
344672,2619.726846448,"Glacial_troughs_seafloor"
344673,2619.726846448,"Glacial_troughs_seafloor"
344675,2619.726846448,"Glacial_troughs_seafloor"
344676,2619.72684644794,"Glacial_troughs_seafloor"
344677,2619.726846448,"Glacial_troughs_seafloor"
344761,2619.72684644791,"Glacial_troughs_seafloor"
344763,2619.72684644791,"Glacial_troughs_seafloor"
344764,2619.72684644791,"Glacial_troughs_seafloor"
344765,2619.72684644785,"Glacial_troughs_seafloor"
344766,2619.72684644791,"Glacial_troughs_seafloor"
344767,2619.72684644788,"Glacial_troughs_seafloor"
344850,2619.7268464479,"Glacial_troughs_seafloor"
344851,2619.7268464479,"Glacial_troughs_seafloor"
344852,2619.72684644793,"Glacial_troughs_seafloor"
344853,2619.7268464479,"Glacial_troughs_seafloor"
344854,2619.72684644794,"Glacial_troughs_seafloor"
344855,2619.7268464479,"Glacial_troughs_seafloor"
344941,2619.72684644791,"Glacial_troughs_seafloor"
344942,2619.72684644791,"Glacial_troughs_seafloor"
344943,2619.72684644791,"Glacial_troughs_seafloor"
344944,2619.72684644798,"Glacial_troughs_seafloor"
344945,2619.72684644791,"Glacial_troughs_seafloor"
345034,2619.72684644792,"Glacial_troughs_seafloor"
345035,2619.72684644789,"Glacial_troughs_seafloor"
345036,2619.72684644792,"Glacial_troughs_seafloor"
345037,2619.72684644788,"Glacial_troughs_seafloor"
345038,2619.72684644792,"Glacial_troughs_seafloor"
345126,2619.72684644785,"Glacial_troughs_seafloor"
345127,2619.72684644794,"Glacial_troughs_seafloor"
345128,2619.72684644794,"Glacial_troughs_seafloor"
345129,2619.72684644798,"Glacial_troughs_seafloor"
345130,2619.72684644794,"Glacial_troughs_seafloor"
345222,2619.72684644794,"Glacial_troughs_seafloor"
345223,2619.72684644785,"Glacial_troughs_seafloor"
345224,2619.72684644794,"Glacial_troughs_seafloor"
345225,2619.72684644794,"Glacial_troughs_seafloor"
345226,2619.72684644794,"Glacial_troughs_seafloor"
345318,2619.72684644791,"Glacial_troughs_seafloor"
345319,2619.72684644791,"Glacial_troughs_seafloor"
345321,2619.72684644791,"Glacial_troughs_seafloor"
345322,2619.72684644791,"Glacial_troughs_seafloor"
345416,2619.726846448,"Glacial_troughs_seafloor"
345417,2619.72684644791,"Glacial_troughs_seafloor"
345418,2619.726846448,"Glacial_troughs_seafloor"
345419,2619.72684644794,"Glacial_troughs_seafloor"
345420,2619.726846448,"Glacial_troughs_seafloor"
345516,2619.72684644794,"Glacial_troughs_seafloor"
345518,2619.72684644791,"Glacial_troughs_seafloor"
345519,2619.72684644794,"Glacial_troughs_seafloor"
345614,2619.7268464479,"Glacial_troughs_seafloor"
345616,2619.7268464479,"Glacial_troughs_seafloor"
345617,2619.72684644788,"Glacial_troughs_seafloor"
345618,2619.7268464479,"Glacial_troughs_seafloor"
345716,2619.72684644794,"Glacial_troughs_seafloor"
345718,2619.72684644791,"Glacial_troughs_seafloor"
345719,2619.72684644794,"Glacial_troughs_seafloor"
345824,2619.72684644794,"Glacial_troughs_seafloor"
345825,2619.72684644793,"Glacial_troughs_seafloor"
345929,2619.72684644785,"Glacial_troughs_seafloor"
345930,2619.72684644794,"Glacial_troughs_seafloor"
346035,2619.72684644794,"Glacial_troughs_seafloor"
346036,2619.72684644798,"Glacial_troughs_seafloor"
346141,2619.72684644794,"Glacial_troughs_seafloor"
